id,資料集名稱,服務分類,檔案格式,下載連結,資料類型,資料集描述,提供機關,更新頻率,授權方式,授權說明網址,計費方式,資料集提供機關聯絡人,資料集提供機關聯絡人電話,發布時間,修訂時間,備註
10340,基隆市最近5年地價稅稅源統計表,公共資訊,CSV,https://www.kltb.gov.tw/core/download/getfile.php?itemId=2689&filekey=0,UTF-8,a01,,基隆市稅務局,每年,政府資料開放授權條款-第1版,,免費,林小姐,0224331888#311,"2017/03/31 00:00","2017/07/06 15:01","授權說明網址: http://data.gov.tw/license"
10344,基隆市最近五年契稅綜合統計表,公共資訊,CSV,https://www.kltb.gov.tw/core/download/getfile.php?itemId=2687&filekey=0,UTF-8,a01,,基隆市稅務局,每年,政府資料開放授權條款-第1版,,免費,郭小姐,0224331888#321,"2017/03/31 00:00","2017/07/06 15:36","授權說明網址: http://data.gov.tw/license"
11093,基隆伴手禮,休閒旅遊,CSV,http://economy.klcg.gov.tw/DlFile.ashx?no=1170516,UTF-8,a01,,基隆市政府產業發展處,每季,政府資料開放授權條款-第1版,http://economy.klcg.gov.tw/DlFile.ashx?no=1170516,免費,孔先生,0224289225,"2015/02/06 00:00","2017/07/28 09:33","原資料集類型:其他 授權說明網址: http://data.gov.tw/license"
11257,基隆十大食尚餐廳,公共資訊,CSV,http://economy.klcg.gov.tw/DlFile.ashx?no=1170563,UTF-8,a01,,基隆市政府產業發展處,不更新,政府資料開放授權條款-第1版,http://economy.klcg.gov.tw/DlFile.ashx?no=1170563,免費,陳小姐,0224289225,"2015/02/06 00:00","2017/07/31 15:25","原資料集類型:其他 授權說明網址: http://data.gov.tw/license"
11271,基隆優質餐廳,公共資訊,CSV,http://economy.klcg.gov.tw/DlFile.ashx?no=1170564,UTF-8,a01,,基隆市政府產業發展處,不更新,政府資料開放授權條款-第1版,http://economy.klcg.gov.tw/DlFile.ashx?no=1170564,免費,陳小姐,0224289225,"2015/02/06 00:00","2017/07/31 15:27","原資料集類型:其他 授權說明網址: http://data.gov.tw/license"
14864,基隆市優良衛生店家,公共資訊,CSV,http://www.klchb.gov.tw/KLCHB/_uploadS/government/manage/7368/file/%E5%9F%BA%E9%9A%86%E5%B8%82%E5%84%AA%E8%89%AF%E8%A1%9B%E7%94%9F%E5%BA%97%E5%AE%B6.csv,UTF-8,a01,,基隆市衛生局,每年,政府資料開放授權條款-第1版,,免費,吳先生,0224230181#1321;0224230181#136,"2015/05/08 00:00","2017/07/05 15:07","授權說明網址: http://data.gov.tw/license"
14869,基隆市旅館商業同業公會會員名冊,公共資訊,CSV,http://www.klchb.gov.tw/KLCHB/_uploadS/government/manage/4992/file/%E5%9F%BA%E9%9A%86%E5%B8%82%E6%97%85%E9%A4%A8%E5%95%86%E6%A5%AD%E5%90%8C%E6%A5%AD%E5%85%AC%E6%9C%83%E6%9C%83%E5%93%A1%E5%90%8D%E5%86%8A.csv,UTF-8,a01,,基隆市衛生局,每年,政府資料開放授權條款-第1版,,免費,吳先生,0224230181#1321;0224230181#136,"2015/05/08 00:00","2017/07/05 15:10","授權說明網址: http://data.gov.tw/license"
15152,基隆市醫療院所名冊,就醫,CSV,http://www.klchb.gov.tw/KLCHB/_uploadS/government/manage/5006/file/%E5%9F%BA%E9%9A%86%E5%B8%82%E9%86%AB%E7%99%82%E9%99%A2%E6%89%80%E5%90%8D%E5%86%8A.csv,UTF-8,a01,,基隆市衛生局,每年,政府資料開放授權條款-第1版,,免費,吳先生,0224230181#1321;0224230181#136,"2015/05/15 00:00","2017/07/05 15:17","授權說明網址: http://data.gov.tw/license"
15293,基隆市公告之室外禁菸場所,公共資訊,CSV,http://www.klchb.gov.tw/KLCHB/_uploadS/government/manage/10120/file/%E5%9F%BA%E9%9A%86%E5%B8%82%E5%85%AC%E5%91%8A%E4%B9%8B%E5%AE%A4%E5%A4%96%E7%A6%81%E8%8F%B8%E5%A0%B4%E6%89%80_1051214.csv,UTF-8,a01,,基隆市衛生局,每季,政府資料開放授權條款-第1版,,免費,吳先生,0224230181#1321;0224230181#136,"2015/05/15 00:00","2017/07/10 15:14","授權說明網址: http://data.gov.tw/license"
23198,基隆市政府公共債務訊息,公共資訊,CSV,http://financial.klcg.gov.tw/DlFile.ashx?no=1182B72,UTF-8,a01,,基隆市政府財政處,每月,政府資料開放授權條款-第1版,http://financial.klcg.gov.tw/tw/Subject/ThemesService?TSerNo=0B00002E,免費,許先生,0224201122#1712,"2016/01/14 00:00","2017/07/19 10:23","授權說明網址: http://data.gov.tw/license"
23201,基隆市政府最新公共債務訊息,公共資訊,CSV,http://financial.klcg.gov.tw/DlFile.ashx?no=1182B72,UTF-8,a01,,基隆市政府財政處,每月,政府資料開放授權條款-第1版,http://financial.klcg.gov.tw/tw/Subject/ThemesService?TSerNo=0B00002E,免費,許先生,0224201122#1712,"2015/10/12 00:00","2017/07/19 09:28","授權說明網址: http://data.gov.tw/license"
27495,基隆市iTaiwan無線網路熱點,公共資訊,CSV,http://research.klcg.gov.tw/DlFile.ashx?no=11700AE,UTF-8,a01,,基隆市政府研考處,每月,政府資料開放授權條款-第1版,http://research.klcg.gov.tw/DlFile.ashx?no=1170099,免費,許先生,0224201122#1232,"2016/02/04 00:00","2017/09/18 15:22","授權說明網址: http://data.gov.tw/license"
28983,基隆市四大癌症篩檢醫療院所,就醫,CSV,http://www.klchb.gov.tw/KLCHB/_uploadS/government/manage/7063/file/%E5%9F%BA%E9%9A%86%E5%B8%82%E5%9B%9B%E5%A4%A7%E7%99%8C%E7%97%87%E7%AF%A9%E6%AA%A2%E9%86%AB%E7%99%82%E9%99%A2%E6%89%80.csv,UTF-8,a01,,基隆市衛生局,每年,政府資料開放授權條款-第1版,,免費,吳先生,0224230181#1321;0224230181#136,"2016/03/23 00:00","2017/07/05 15:24","授權說明網址: http://data.gov.tw/license"
28987,基隆市母嬰親善醫療院所,生育保健,CSV,http://www.klchb.gov.tw/KLCHB/_uploadS/government/manage/7064/file/%E5%9F%BA%E9%9A%86%E5%B8%82%E6%AF%8D%E5%AC%B0%E8%A6%AA%E5%96%84%E9%86%AB%E7%99%82%E9%99%A2%E6%89%80.csv,UTF-8,a01,,基隆市衛生局,每年,政府資料開放授權條款-第1版,,免費,吳先生,0224230181#1321;0224230181#136,"2016/03/23 00:00","2017/07/05 15:18","授權說明網址: http://data.gov.tw/license"
28988,基隆市兒童發展篩檢機構,就醫,CSV,http://www.klchb.gov.tw/KLCHB/_uploadS/government/manage/7065/file/%E5%9F%BA%E9%9A%86%E5%B8%82%E5%85%92%E7%AB%A5%E7%99%BC%E5%B1%95%E7%AF%A9%E6%AA%A2%E6%A9%9F%E6%A7%8B.csv,UTF-8,a01,,基隆市衛生局,每年,政府資料開放授權條款-第1版,,免費,吳先生,0224230181#1321;0224230181#136,"2016/03/23 00:00","2017/07/05 15:25","授權說明網址: http://data.gov.tw/license"
28993,基隆市長照居家護理復健喘息合約機構,就醫,CSV,http://www.klchb.gov.tw/KLCHB/_uploadS/government/manage/7066/file/%E5%9F%BA%E9%9A%86%E5%B8%82%E9%95%B7%E7%85%A7%E5%B1%85%E5%AE%B6%E8%AD%B7%E7%90%86%E3%80%81%E5%BE%A9%E5%81%A5%E3%80%81%E5%96%98%E6%81%AF%E5%90%88%E7%B4%84%E6%A9%9F%E6%A7%8B.csv,UTF-8,a01,,基隆市衛生局,每年,政府資料開放授權條款-第1版,,免費,吳先生,0224230181#1321;0224230181#136,"2016/03/23 00:00","2017/07/05 15:25","授權說明網址: http://data.gov.tw/license"
28994,基隆市固定污染源空氣污染物監測數據-日報,公共資訊,WEBSERVICES,http://211.72.213.70/ws_cems/service.asmx,UTF-8,a01,,基隆市環境保護局,每日,政府資料開放授權條款-第1版,http://211.72.213.70/CEMS_PUBLIC,免費,莊小姐,0224651115#217,"2016/03/23 00:00","2016/05/23 22:59","授權說明網址: http://data.gov.tw/license"
28995,基隆市哺集乳室資料庫,生育保健,CSV,http://www.klchb.gov.tw/KLCHB/_uploadS/government/manage/7067/file/%E5%9F%BA%E9%9A%86%E5%B8%82%E5%93%BA%E9%9B%86%E4%B9%B3%E5%AE%A4%E8%B3%87%E6%96%99%E5%BA%AB.csv,UTF-8,a01,,基隆市衛生局,每年,政府資料開放授權條款-第1版,,免費,吳先生,0224230181#1321;0224230181#136,"2016/03/23 00:00","2017/07/05 15:24","授權說明網址: http://data.gov.tw/license"
29021,基隆市固定污染源空氣污染物監測數據-即時,公共資訊,WEBSERVICES,http://211.72.213.70/ws_cems/service.asmx,UTF-8,a01,,基隆市環境保護局,每小時,政府資料開放授權條款-第1版,http://211.72.213.70/CEMS_PUBLIC,免費,莊小姐,0224651115#217,"2016/03/23 00:00","2016/05/23 22:59","授權說明網址: http://data.gov.tw/license"
31159,每月基隆市道路交通事故月報表,交通及通訊,其他;壓縮檔,http://www.klg.gov.tw/cht/index.php?code=list&ids=284;www.klg.gov.tw/upload/cht/attachment/967977473688a15ae3395e8fd0011b29.zip,UTF-8;UTF-8,a01,,基隆市警察局,每月,政府資料開放授權條款-第1版,,免費,張先生,0224233853,"2016/05/11 00:00","2017/08/02 21:43","授權說明網址: http://data.gov.tw/license"
31251,基隆市-學前教育,求學及進修,CSV;CSV,https://kids.kl.edu.tw/a_href.php?url=776562506167652f34372f34375fe59fbae99a86e5b882313036e5adb8e5b9b4e5baa6e585ace7ab8be5b9bce58592e59c92e5908de98c84202833292e637376;https://kids.kl.edu.tw/a_href.php?url=776562506167652f31322f31325fe59fbae99a86e5b882313036e5adb8e5b9b4e5baa6e7a781e7ab8be5b9bce58592e59c92e5908de98c84202e637376,UTF-8;UTF-8,a01,,基隆市政府教育處,每年,政府資料開放授權條款-第1版,https://kids.kl.edu.tw/?id=47;https://kids.kl.edu.tw/?id=47,免費,郭小姐,24301505#802,"2016/05/05 00:00","2017/08/17 11:54","授權說明網址: http://data.gov.tw/license"
31818,基隆市衛生局104年度職員官等性別統計表,公共資訊,CSV,http://www.klchb.gov.tw/KLCHB/_uploadS/government/manage/7360/file/%E5%9F%BA%E9%9A%86%E5%B8%82%E8%A1%9B%E7%94%9F%E5%B1%80104%E5%B9%B4%E5%BA%A6%E8%81%B7%E5%93%A1%E5%AE%98%E7%AD%89%E6%80%A7%E5%88%A5%E7%B5%B1%E8%A8%88%E8%A1%A8.csv,UTF-8,a01,,基隆市衛生局,每年,政府資料開放授權條款-第1版,http://www.klchb.gov.tw/KLCHB/_uploadS/government/manage/7359/file/%E5%9F%BA%E9%9A%86%E5%B8%82%E8%A1%9B%E7%94%9F%E5%B1%80104%E5%B9%B4%E5%BA%A6%E8%81%B7%E5%93%A1%E5%AE%98%E7%AD%89%E6%80%A7%E5%88%A5%E7%B5%B1%E8%A8%88%E8%A1%A8.csv,免費,吳先生,0224230181#1321;0224230181#136,"2016/05/30 00:00","2017/07/05 15:23","授權說明網址: http://data.gov.tw/license"
31819,基隆市衛生局105年度戒菸合約機構,就醫,CSV,http://www.klchb.gov.tw/KLCHB/_uploadS/government/manage/7361/file/%E5%9F%BA%E9%9A%86%E5%B8%82%E8%A1%9B%E7%94%9F%E5%B1%80105%E5%B9%B4%E5%BA%A6%E6%88%92%E8%8F%B8%E5%90%88%E7%B4%84%E6%A9%9F%E6%A7%8B.csv,UTF-8,a01,,基隆市衛生局,每年,政府資料開放授權條款-第1版,,免費,吳先生,0224230181#1321;0224230181#136,"2016/05/30 00:00","2017/07/05 15:23","授權說明網址: http://data.gov.tw/license"
31848,基隆市衛生局103年度單位決算,公共資訊,PDF,http://www.klchb.gov.tw/KLCHB/_uploadS/government/manage/10121/file/%E5%9F%BA%E9%9A%86%E5%B8%82%E8%A1%9B%E7%94%9F%E5%B1%80103%E5%B9%B4%E5%BA%A6%E5%96%AE%E4%BD%8D%E6%B1%BA%E7%AE%97.pdf,UTF-8,a01,,基隆市衛生局,每年,政府資料開放授權條款-第1版,,免費,吳先生,0224230181#1321;0224230181#136,"2016/05/30 00:00","2017/07/10 15:43","授權說明網址: http://data.gov.tw/license"
31849,基隆市衛生局105年度單位預算,公共資訊,XLS,http://www.klchb.gov.tw/KLCHB/_uploadS/government/manage/7365/file/%E5%9F%BA%E9%9A%86%E5%B8%82%E8%A1%9B%E7%94%9F%E5%B1%80105%E5%B9%B4%E5%BA%A6%E5%96%AE%E4%BD%8D%E9%A0%90%E7%AE%97.zip,UTF-8,a01,,基隆市衛生局,每年,政府資料開放授權條款-第1版,,免費,吳先生,0224230181#1321;0224230181#136,"2016/05/30 00:00","2017/07/05 15:22","授權說明網址: http://data.gov.tw/license"
31850,基隆市餐飲衛生管理分級104年通過標章名單,公共資訊,CSV,http://www.klchb.gov.tw/KLCHB/_uploadS/government/manage/7367/file/%E5%9F%BA%E9%9A%86%E5%B8%82%E9%A4%90%E9%A3%B2%E8%A1%9B%E7%94%9F%E7%AE%A1%E7%90%86%E5%88%86%E7%B4%9A104%E5%B9%B4%E9%80%9A%E9%81%8E%E6%A8%99%E7%AB%A0%E5%90%8D%E5%96%AE.csv,UTF-8,a01,,基隆市衛生局,每年,政府資料開放授權條款-第1版,,免費,吳先生,0224230181#1321;0224230181#136,"2016/05/30 00:00","2017/07/05 15:21","授權說明網址: http://data.gov.tw/license"
31858,基隆市105年糖尿病健康促進機構及醫師名單,公共資訊,CSV,http://www.klchb.gov.tw/KLCHB/_uploadS/government/manage/7369/file/%E5%9F%BA%E9%9A%86%E5%B8%82105%E5%B9%B4%E7%B3%96%E5%B0%BF%E7%97%85%E5%81%A5%E5%BA%B7%E4%BF%83%E9%80%B2%E6%A9%9F%E6%A7%8B%E5%8F%8A%E9%86%AB%E5%B8%AB%E5%90%8D%E5%96%AE.csv,UTF-8,a01,,基隆市衛生局,每年,政府資料開放授權條款-第1版,,免費,吳先生,0224230181#1321;0224230181#136,"2016/05/31 00:00","2017/07/05 15:20","授權說明網址: http://data.gov.tw/license"
31862,基隆市104年流感合約院所,就醫,CSV,http://www.klchb.gov.tw/KLCHB/_uploadS/government/manage/7372/file/%E5%9F%BA%E9%9A%86%E5%B8%82104%E5%B9%B4%E6%B5%81%E6%84%9F%E5%90%88%E7%B4%84%E9%99%A2%E6%89%80.csv,UTF-8,a01,,基隆市衛生局,每年,政府資料開放授權條款-第1版,,免費,吳先生,0224230181#1321;0224230181#136,"2016/05/31 00:00","2017/07/05 15:37","授權說明網址: http://data.gov.tw/license"
36947,基隆市105年公告土地現值及公告地價,公共資訊,CSV,http://land.klcg.gov.tw/ReadFile?p=Business&id=3438,UTF-8,a01,,基隆市政府地政處,每年,政府資料開放授權條款-第1版,http://163.29.218.196/query/valueprice.jsp?menu=true&type=P,免費,蔡小姐,0224201122#2406;02242011222406,"2016/10/03 00:00","2017/07/11 14:14","授權說明網址: http://data.gov.tw/license"
38824,105年基隆市公費克流感配置點,就醫,CSV,http://www.klchb.gov.tw/KLCHB/_uploadS/government/manage/8589/file/105%E5%B9%B4%E5%9F%BA%E9%9A%86%E5%B8%82%E5%85%AC%E8%B2%BB%E5%85%8B%E6%B5%81%E6%84%9F%E9%85%8D%E7%BD%AE%E9%BB%9E.csv,UTF-8,a01,,基隆市衛生局,每年,政府資料開放授權條款-第1版,,免費,吳先生,0224230181#1321;0224230181#136,"2016/11/08 00:00","2017/07/05 15:38","授權說明網址: http://data.gov.tw/license"
42338,基隆市106年公告土地現值,公共資訊,CSV,http://land.klcg.gov.tw/ReadFile?p=Business&id=3440,UTF-8,a01,,基隆市政府地政處,每年,政府資料開放授權條款-第1版,http://163.29.218.196/query/valueprice.jsp?menu=true&type=P,免費,蔡小姐,0224201122#2406;02242011222406,"2017/01/09 00:00","2017/07/11 14:39","授權說明網址: http://data.gov.tw/license"
42578,基隆市水域遊憩活動管理相關公告,休閒旅遊,其他,http://tourism.klcg.gov.tw/tw/Subject/ThemesServiceLi?ClassId=08130600,UTF-8,a01,,基隆市政府交通旅遊處,每季,政府資料開放授權條款-第1版,,免費,李先生,0224264866,"2017/01/25 00:00","2017/09/27 14:54","授權說明網址: http://data.gov.tw/license"
44662,基隆市最近五年房屋稅綜合統計表,公共資訊,CSV,https://www.kltb.gov.tw/core/download/getfile.php?itemId=2688&filekey=0,UTF-8,a01,,基隆市稅務局,每年,政府資料開放授權條款-第1版,,免費,郭小姐,0224331888#321,"2017/03/31 00:00","2017/07/06 15:35","授權說明網址: http://data.gov.tw/license"
44663,基隆市最近5年土地增值稅稅源統計表,公共資訊,CSV,https://www.kltb.gov.tw/core/download/getfile.php?itemId=2690&filekey=0,UTF-8,a01,,基隆市稅務局,每年,政府資料開放授權條款-第1版,,免費,陳先生,0224331888#717,"2017/03/31 00:00","2017/07/06 15:34","授權說明網址: http://data.gov.tw/license"
44664,基隆市稅務局行政救濟案件統計表,公共資訊,CSV,https://www.kltb.gov.tw/core/download/getfile.php?itemId=2692&filekey=1,UTF-8,a01,,基隆市稅務局,每年,政府資料開放授權條款-第1版,,免費,林先生,0224331888#631,"2017/03/31 00:00","2017/09/15 17:12","授權說明網址: http://data.gov.tw/license"
44665,基隆市多元化繳稅統計表,公共資訊,CSV,https://www.kltb.gov.tw/core/download/getfile.php?itemId=2691&filekey=1,UTF-8,a01,,基隆市稅務局,每年,政府資料開放授權條款-第1版,,免費,廖小姐,0224331888#117,"2017/03/31 00:00","2017/09/15 17:07","授權說明網址: http://data.gov.tw/license"
45581,基隆市流感抗病毒藥劑合約院所,就醫,CSV,http://www.klchb.gov.tw/KLCHB/_uploadS/government/manage/10093/file/%E5%9F%BA%E9%9A%86%E5%B8%82%E6%B5%81%E6%84%9F%E6%8A%97%E7%97%85%E6%AF%92%E8%97%A5%E5%8A%91%E5%90%88%E7%B4%84%E9%99%A2%E6%89%80.csv,UTF-8,a01,,基隆市衛生局,每年,政府資料開放授權條款-第1版,,免費,吳先生,0224230181#1321;0224230181#136,"2017/05/17 00:00","2017/07/05 15:41","授權說明網址: http://data.gov.tw/license"
45624,基隆市政府消防局各單位通訊錄,公共資訊,CSV,http://www.klfd.gov.tw/wSite/public/Attachment/f1060518.csv,UTF-8,a01,,基隆市消防局,不定期,政府資料開放授權條款-第1版,,免費,林先生,0224302691#456,"2017/05/26 00:00","2017/07/10 14:11","授權說明網址: http://data.gov.tw/license"
45672,基隆市建檔管理公廁,公共資訊,JSON;CSV;XML,http://opendata.epa.gov.tw/ws/Data/OTH01092/?$skip=0&$top=1000&format=json;http://opendata.epa.gov.tw/ws/Data/OTH01092/?$skip=0&$top=1000&format=csv;http://opendata.epa.gov.tw/ws/Data/OTH01092/?$skip=0&$top=1000&format=xml,UTF-8;UTF-8;UTF-8,a01,,基隆市環境保護局,即時,政府資料開放授權條款-第1版,https://ecolife.epa.gov.tw/ctrlplace/default.aspx?type=4;https://ecolife.epa.gov.tw/ctrlplace/default.aspx?type=4;https://ecolife.epa.gov.tw/ctrlplace/default.aspx?type=4,免費,簡小姐,0224651115#229,"2017/05/22 00:00","2017/07/24 17:42","授權說明網址: http://data.gov.tw/license"
45693,基隆市公車站牌與路線資訊,交通及通訊,XML,http://www.klcba.gov.tw,UTF-8,a01,,基隆市公共汽車管理處,每季,政府資料開放授權條款-第1版,,免費,張先生,0224622171#222,"2017/07/19 00:00","2017/07/19 09:39","授權說明網址: http://data.gov.tw/license"
45709,基隆市統計年報,公共資訊,XLS,http://accounting.klcg.gov.tw/tw/Subject/SAReportList,UTF-8,a01,,基隆市政府主計處,每年,政府資料開放授權條款-第1版,http://accounting.klcg.gov.tw/tw/Subject/SAReportList,免費,洪先生,0224201122#1423,"2017/06/03 00:00","2017/06/03 15:34","授權說明網址: http://data.gov.tw/license"
45710,基隆市政府機關年度預算-總預算,公共資訊,PDF,http://accounting.klcg.gov.tw/tw/Subject/ThemesServiceLi?ClassId=08060900,UTF-8,a01,,基隆市政府主計處,每年,政府資料開放授權條款-第1版,http://accounting.klcg.gov.tw/tw/Subject/ThemesServiceLi?ClassId=08060900,免費,洪先生,0224201122#1423,"2017/06/03 00:00","2017/06/03 15:33","授權說明網址: http://data.gov.tw/license"
45711,基隆市政府機關年度預算-追加預算,公共資訊,PDF,http://accounting.klcg.gov.tw/tw/Subject/ThemesServiceLi?ClassId=08060500,UTF-8,a01,,基隆市政府主計處,每年,政府資料開放授權條款-第1版,http://accounting.klcg.gov.tw/tw/Subject/ThemesServiceLi?ClassId=08060500,免費,洪先生,0224201122#1423,"2017/06/05 00:00","2017/06/05 11:54","授權說明網址: http://data.gov.tw/license"
45714,基隆市合法托嬰中心名單,生育保健,CSV,http://social.klcg.gov.tw/social_srv/info_view.php?file=dl&fid=5411&dept_id=1&serno=20160307212108,BIG5,a01,,基隆市政府社會處,不定期,政府資料開放授權條款-第1版,,免費,陳先生,24201122,"2017/06/03 00:00","2017/09/29 17:16","授權說明網址: http://data.gov.tw/license"
45718,基隆市合法老人福利機構資料,老年安養,其他,http://social.klcg.gov.tw/social_srv/welfare_list.php?Kid=11&Mid=5&Cid=5,UTF-8,a01,,基隆市政府社會處,每月,政府資料開放授權條款-第1版,http://social.klcg.gov.tw/social_srv/welfare_list.php?Kid=11&Mid=5&Cid=5,免費,陳先生,24201122,"2017/06/03 00:00","2017/09/30 11:32","授權說明網址: http://data.gov.tw/license"
45719,基隆市托育資源中心,生育保健,CSV,http://social.klcg.gov.tw/social_srv/welfare_dl.php?file=dl&Kid=11&Mid=7&Cid=1,BIG5,a01,,基隆市政府社會處,不定期,政府資料開放授權條款-第1版,,免費,陳先生,24201122,"2017/06/03 00:00","2017/09/29 09:51","授權說明網址: http://data.gov.tw/license"
45720,基隆市青少年中心,求學及進修,CSV,http://social.klcg.gov.tw/social_srv/welfare_dl.php?file=dl&Kid=11&Mid=7&Cid=3,BIG5,a01,,基隆市政府社會處,不定期,政府資料開放授權條款-第1版,,免費,陳先生,24201122,"2017/06/03 00:00","2017/09/29 10:27","授權說明網址: http://data.gov.tw/license"
45721,基隆市婦幼福利服務中心,出生及收養,CSV,http://social.klcg.gov.tw/social_srv/welfare_dl.php?file=dl&Kid=11&Mid=6&Cid=4,BIG5,a01,,基隆市政府社會處,不定期,政府資料開放授權條款-第1版,,免費,陳先生,24201122,"2017/06/03 00:00","2017/09/29 10:28","授權說明網址: http://data.gov.tw/license"
45722,基隆市遊民服務,生活安全及品質,CSV,http://social.klcg.gov.tw/social_srv/welfare_dl.php?file=dl&Kid=11&Mid=9&Cid=11,BIG5,a01,,基隆市政府社會處,不定期,政府資料開放授權條款-第1版,,免費,陳先生,24201122,"2017/06/03 00:00","2017/09/29 10:30","授權說明網址: http://data.gov.tw/license"
45723,基隆市身障福利機構,公共資訊,CSV,http://social.klcg.gov.tw/social_srv/welfare_dl.php?file=dl&Kid=11&Mid=8&Cid=6,BIG5,a01,,基隆市政府社會處,不定期,政府資料開放授權條款-第1版,,免費,陳先生,24201122,"2017/06/03 00:00","2017/09/29 10:32","授權說明網址: http://data.gov.tw/license"
45724,基隆市老人文康中心,老年安養,CSV,http://social.klcg.gov.tw/social_srv/welfare_dl.php?file=dl&Kid=11&Mid=5&Cid=7,BIG5,a01,,基隆市政府社會處,不定期,政府資料開放授權條款-第1版,,免費,陳先生,24201122,"2017/06/03 00:00","2017/09/29 10:34","授權說明網址: http://data.gov.tw/license"
45725,基隆市社區照顧關懷據點,生活安全及品質,CSV,http://social.klcg.gov.tw/social_srv/welfare_dl.php?file=dl&Kid=11&Mid=9&Cid=8,BIG5,a01,,基隆市政府社會處,不定期,政府資料開放授權條款-第1版,,免費,陳先生,24201122,"2017/06/03 00:00","2017/09/29 10:41","授權說明網址: http://data.gov.tw/license"
45726,基隆市綜合性家庭福利中心,生活安全及品質,CSV,http://social.klcg.gov.tw/social_srv/welfare_dl.php?file=dl&Kid=11&Mid=11&Cid=9,BIG5,a01,,基隆市政府社會處,不定期,政府資料開放授權條款-第1版,,免費,陳先生,24201122,"2017/06/03 00:00","2017/09/29 10:45","授權說明網址: http://data.gov.tw/license"
45727,基隆市志願服務推廣中心,公共資訊,CSV,http://social.klcg.gov.tw/social_srv/welfare_dl.php?file=dl&Kid=11&Mid=10&Cid=10,BIG5,a01,,基隆市政府社會處,不定期,政府資料開放授權條款-第1版,,免費,陳先生,24201122,"2017/06/03 00:00","2017/09/29 10:44","授權說明網址: http://data.gov.tw/license"
45728,基隆市家事服務中心,公共資訊,CSV,http://social.klcg.gov.tw/social_srv/welfare_dl.php?file=dl&Kid=11&Mid=7&Cid=12,BIG5,a01,,基隆市政府社會處,不定期,政府資料開放授權條款-第1版,,免費,陳先生,24201122,"2017/06/03 00:00","2017/09/29 10:47","授權說明網址: http://data.gov.tw/license"
45729,基隆市家庭暴力暨性侵害防治中心,生活安全及品質,CSV,http://social.klcg.gov.tw/social_srv/welfare_dl.php?file=dl&Kid=11&Mid=15&Cid=13,BIG5,a01,,基隆市政府社會處,不定期,政府資料開放授權條款-第1版,,免費,陳先生,24201122,"2017/06/03 00:00","2017/09/29 10:49","授權說明網址: http://data.gov.tw/license"
45730,基隆市政府駐基隆法院家庭暴力事件服務處,公共資訊,CSV,http://social.klcg.gov.tw/social_srv/welfare_dl.php?file=dl&Kid=11&Mid=15&Cid=14,BIG5,a01,,基隆市政府社會處,不定期,政府資料開放授權條款-第1版,http://social.klcg.gov.tw/social_srv/welfare_list.php?Kid=11&Mid=15&Cid=14,免費,陳先生,24201122,"2017/06/03 00:00","2017/09/29 10:52","授權說明網址: http://data.gov.tw/license"
45732,基隆市災民避難收容場所位置,公共資訊,CSV,http://social.klcg.gov.tw/news/info_view.php?file=dl&fid=5420&dept_id=1&serno=20170929085544,BIG5,a01,,基隆市政府社會處,不定期,政府資料開放授權條款-第1版,,免費,陳先生,24201122,"2017/06/03 00:00","2017/09/30 16:04","授權說明網址: http://data.gov.tw/license"
45745,基隆市應回收廢棄物回收處理業名單,公共資訊,CSV,http://opendata.epa.gov.tw/ws/Data/OTH01092/?$skip=0&$top=1000&format=csv,UTF-8,a01,,基隆市環境保護局,每季,政府資料開放授權條款-第1版,http://www.klepb.gov.tw/news/index-1.asp?m=9&m1=11&m2=56&gp=&id=4461,免費,許小姐,0224669897#46,"2017/08/10 00:00","2017/08/10 08:56","授權說明網址: http://data.gov.tw/license"
45749,基隆市兒童及少年安置教養機構,出生及收養,CSV,http://social.klcg.gov.tw/social_srv/info_view.php?file=dl&fid=5412&dept_id=1&serno=20170524183204,BIG5,a01,,基隆市政府社會處,不定期,政府資料開放授權條款-第1版,,免費,陳先生,24201122,"2017/06/03 00:00","2017/09/29 17:25","授權說明網址: http://data.gov.tw/license"
45750,基隆市兒少安置機構營運概況,出生及收養,其他,http://www.cfcf.org.tw/,UTF-8,a01,,基隆市政府社會處,每季,政府資料開放授權條款-第1版,,免費,陳先生,24201122,"2017/06/03 00:00","2017/09/30 11:31","授權說明網址: http://data.gov.tw/license"
45751,基隆市老人福利機構名冊,老年安養,CSV,http://social.klcg.gov.tw/social_srv/welfare_dl.php?file=dl&Kid=11&Mid=5&Cid=5,BIG5,a01,,基隆市政府社會處,不定期,政府資料開放授權條款-第1版,,免費,陳先生,24201122,"2017/06/03 00:00","2017/09/29 10:21","授權說明網址: http://data.gov.tw/license"
45756,基隆旅遊網,休閒旅遊,WMS,http://tour.klcg.gov.tw/Index.aspx?hl=zh-TW,UTF-8,a01,,基隆市政府交通旅遊處,每季,政府資料開放授權條款-第1版,http://tour.klcg.gov.tw/Index.aspx?hl=zh-TW,免費,劉先生,0224274830,"2017/08/08 00:00","2017/08/08 17:17","授權說明網址: http://data.gov.tw/license"
45757,基隆市公有路外停車場基本資料,交通及通訊,CSV,http://tourism.klcg.gov.tw/DlFile.ashx?no=11907DE,UTF-8,a01,,基隆市政府交通旅遊處,不定期,政府資料開放授權條款-第1版,http://tourism.klcg.gov.tw/DlFile.ashx?no=11901B2,免費,楊小姐,0224235234#33,"2017/06/13 00:00","2017/09/27 16:56","更新頻率說明: 變動時更新 授權說明網址: http://data.gov.tw/license"
45758,基隆市路邊收費路段及收費時間一覽表,交通及通訊,CSV,http://tourism.klcg.gov.tw/DlFile.ashx?no=11907E5,UTF-8,a01,,基隆市政府交通旅遊處,不定期,政府資料開放授權條款-第1版,http://tourism.klcg.gov.tw/tw/Download/DownloadData.aspx?DSerNo=13000057,免費,楊小姐,0224235234#33,"2017/06/02 00:00","2017/09/27 16:55","更新頻率說明: 變動時更新 授權說明網址: http://data.gov.tw/license"
45811,基隆市警察局各單位地址電話,交通及通訊,其他;壓縮檔,http://www.klg.gov.tw/cht/index.php?code=list&flag=detail&ids=3&article_id=1859;www.klg.gov.tw/upload/cht/attachment/c12835d8882108498f91b6c83bdb44df.zip,UTF-8;UTF-8,a01,,基隆市警察局,每季,政府資料開放授權條款-第1版,http://www.klg.gov.tw/cht/index.php?code=list&flag=detail&ids=3&article_id=1859;http://www.klg.gov.tw/cht/index.php?code=list&flag=detail&ids=3&article_id=1859,免費,方先生,0224233853,"2017/05/31 00:00","2017/08/02 21:38","授權說明網址: http://data.gov.tw/license"
46439,基隆市104年衛生管理優良廠商,生活安全及品質,CSV,http://www.klchb.gov.tw/KLCHB/_uploadS/government/manage/9966/file/%E5%9F%BA%E9%9A%86%E5%B8%82104%E5%B9%B4%E8%A1%9B%E7%94%9F%E7%AE%A1%E7%90%86%E5%84%AA%E8%89%AF%E5%BB%A0%E5%95%86.csv,UTF-8,a01,,基隆市衛生局,每年,政府資料開放授權條款-第1版,,免費,吳先生,0224230181#1321;0224230181#136,"2017/06/13 00:00","2017/07/05 15:16","授權說明網址: http://data.gov.tw/license"
46441,基隆市105年衛生管理優良廠商,生活安全及品質,CSV,http://www.klchb.gov.tw/KLCHB/_uploadS/government/manage/9967/file/%E5%9F%BA%E9%9A%86%E5%B8%82105%E5%B9%B4%E8%A1%9B%E7%94%9F%E7%AE%A1%E7%90%86%E5%84%AA%E8%89%AF%E5%BB%A0%E5%95%86.csv,UTF-8,a01,,基隆市衛生局,每年,政府資料開放授權條款-第1版,,免費,吳先生,0224230181#1321;0224230181#136,"2017/06/13 00:00","2017/07/05 15:15","授權說明網址: http://data.gov.tw/license"
46442,基隆市衛生局105年食品抽驗不符規定名冊,生活安全及品質,CSV,http://www.klchb.gov.tw/KLCHB/_uploadS/government/manage/9968/file/%E5%9F%BA%E9%9A%86%E5%B8%82%E8%A1%9B%E7%94%9F%E5%B1%80105%E5%B9%B4%E9%A3%9F%E5%93%81%E6%8A%BD%E9%A9%97%E4%B8%8D%E7%AC%A6%E8%A6%8F%E5%AE%9A%E5%90%8D%E5%86%8A.csv,UTF-8,a01,,基隆市衛生局,每年,政府資料開放授權條款-第1版,,免費,吳先生,0224230181#1321;0224230181#136,"2017/06/13 00:00","2017/07/05 15:15","授權說明網址: http://data.gov.tw/license"
46444,基隆市衛生局105年食品抽驗符合規定名冊,生活安全及品質,CSV,http://www.klchb.gov.tw/KLCHB/_uploadS/government/manage/9969/file/%E5%9F%BA%E9%9A%86%E5%B8%82%E8%A1%9B%E7%94%9F%E5%B1%80105%E5%B9%B4%E9%A3%9F%E5%93%81%E6%8A%BD%E9%A9%97%E7%AC%A6%E5%90%88%E8%A6%8F%E5%AE%9A%E5%90%8D%E5%86%8A.csv,UTF-8,a01,,基隆市衛生局,每年,政府資料開放授權條款-第1版,,免費,吳先生,0224230181#1321;0224230181#136,"2017/06/13 00:00","2017/07/05 15:15","授權說明網址: http://data.gov.tw/license"
46445,基隆市衛生局106年食品抽驗不符規定名冊,生活安全及品質,CSV,http://www.klchb.gov.tw/KLCHB/_uploadS/government/manage/9970/file/%E5%9F%BA%E9%9A%86%E5%B8%82%E8%A1%9B%E7%94%9F%E5%B1%80106%E5%B9%B4%E9%A3%9F%E5%93%81%E6%8A%BD%E9%A9%97%E4%B8%8D%E7%AC%A6%E8%A6%8F%E5%AE%9A%E5%90%8D%E5%86%8A.csv,UTF-8,a01,,基隆市衛生局,每年,政府資料開放授權條款-第1版,,免費,吳先生,0224230181#1321;0224230181#136,"2017/06/13 00:00","2017/07/05 15:14","授權說明網址: http://data.gov.tw/license"
46446,基隆市衛生局106年食品抽驗符合規定名冊,生活安全及品質,CSV,http://www.klchb.gov.tw/KLCHB/_uploadS/government/manage/9971/file/%E5%9F%BA%E9%9A%86%E5%B8%82%E8%A1%9B%E7%94%9F%E5%B1%80106%E5%B9%B4%E9%A3%9F%E5%93%81%E6%8A%BD%E9%A9%97%E7%AC%A6%E5%90%88%E8%A6%8F%E5%AE%9A%E5%90%8D%E5%86%8A.csv,UTF-8,a01,,基隆市衛生局,每年,政府資料開放授權條款-第1版,,免費,吳先生,0224230181#1321;0224230181#136,"2017/06/13 00:00","2017/07/05 15:14","授權說明網址: http://data.gov.tw/license"
46447,基隆市105-106年各項預防接種衛生所及合約醫療院所名冊,就醫,CSV,http://www.klchb.gov.tw/KLCHB/_uploadS/government/manage/9973/file/%E5%9F%BA%E9%9A%86%E5%B8%82105-106%E5%B9%B4%E5%90%84%E9%A0%85%E9%A0%90%E9%98%B2%E6%8E%A5%E7%A8%AE%E8%A1%9B%E7%94%9F%E6%89%80%E5%8F%8A%E5%90%88%E7%B4%84%E9%86%AB%E7%99%82%E9%99%A2%E6%89%80%E5%90%8D%E5%86%8A.csv,UTF-8,a01,,基隆市衛生局,每年,政府資料開放授權條款-第1版,,免費,吳先生,0224230181#1321;0224230181#136,"2017/06/13 00:00","2017/07/05 15:13","授權說明網址: http://data.gov.tw/license"
46448,基隆市嬰幼兒公費常規疫苗接種單位,就醫,CSV,http://www.klchb.gov.tw/KLCHB/_uploadS/government/manage/9974/file/%E5%9F%BA%E9%9A%86%E5%B8%82%E5%AC%B0%E5%B9%BC%E5%85%92%E5%85%AC%E8%B2%BB%E5%B8%B8%E8%A6%8F%E7%96%AB%E8%8B%97%E6%8E%A5%E7%A8%AE%E5%96%AE%E4%BD%8D.csv,UTF-8,a01,,基隆市衛生局,每年,政府資料開放授權條款-第1版,,免費,吳先生,0224230181#1321;0224230181#136,"2017/06/13 00:00","2017/07/05 15:13","授權說明網址: http://data.gov.tw/license"
48126,基隆市柴油車排煙檢測站地址.電話及相關資訊,公共資訊,其他,http://210.203.87.112/kldsyweb/index.aspx,UTF-8,a01,,基隆市環境保護局,每年,政府資料開放授權條款-第1版,http://210.203.87.112/kldsyweb/index.aspx,免費,連小姐,0224651115#272,"2017/07/12 00:00","2017/07/12 16:27","授權說明網址: http://data.gov.tw/license"
48143,機車業務相關資訊,公共資訊,其他,http://210.203.87.112/klepaqw/,UTF-8,a01,,基隆市環境保護局,每年,政府資料開放授權條款-第1版,http://210.203.87.112/klepaqw/,免費,林小姐,24651115#272,"2017/07/12 00:00","2017/07/12 17:14","原資料集類型:其他 授權說明網址: http://data.gov.tw/license"
48205,基隆市政府市政信箱1999資訊,公共資訊,CSV,http://research.klcg.gov.tw/DlFile.ashx?no=11702A8,UTF-8,a01,,基隆市政府研考處,不定期,政府資料開放授權條款-第1版,http://research.klcg.gov.tw/DlFile.ashx?no=11702A8,免費,周小姐,0224201122#1232,"2017/07/13 00:00","2017/09/27 15:59","授權說明網址: http://data.gov.tw/license"
48887,基隆市食品工廠名單,生活安全及品質,CSV,http://www.klchb.gov.tw/KLCHB/_uploadS/government/manage/10249/file/%E5%9F%BA%E9%9A%86%E5%B8%82%E9%A3%9F%E5%93%81%E5%B7%A5%E5%BB%A0%E5%90%8D%E5%96%AE.csv,UTF-8,a01,,基隆市衛生局,每年,政府資料開放授權條款-第1版,,免費,吳先生,0224230181#1321,"2017/08/08 00:00","2017/08/08 09:40","授權說明網址: http://data.gov.tw/license"
49016,基隆市工廠名冊(106年8月),公共資訊,CSV,http://economy.klcg.gov.tw/DlFile.ashx?no=1190009,UTF-8,a01,,基隆市政府產業發展處,不定期,政府資料開放授權條款-第1版,,免費,陳小姐,0224256633,"2017/09/01 00:00","2017/09/01 10:43","授權說明網址: http://data.gov.tw/license"
49302,基隆市房屋標準單價表,公共資訊,CSV,https://www.kltb.gov.tw/core/download/getfile.php?itemId=3733&filekey=0,UTF-8,a01,,基隆市稅務局,,政府資料開放授權條款-第1版,,免費,郭小姐,0224331888#321,"2017/07/31 00:00","2017/08/01 11:19","更新頻率說明: 每三年 授權說明網址: http://data.gov.tw/license"
49303,基隆市地段率等級表,公共資訊,CSV,https://www.kltb.gov.tw/core/download/getfile.php?itemId=3734&filekey=0,UTF-8,a01,,基隆市稅務局,,政府資料開放授權條款-第1版,,免費,郭小姐,0224331888#321,"2017/07/31 00:00","2017/07/31 11:32","更新頻率說明: 每三年 授權說明網址: http://data.gov.tw/license"
49520,"基隆市籍娛樂漁業漁船經營資訊一覽表 ",休閒旅遊,CSV,http://economy.klcg.gov.tw/DlFile.ashx?no=1182B9B,UTF-8,a01,,基隆市政府產業發展處,每季,政府資料開放授權條款-第1版,http://economy.klcg.gov.tw/DlFile.ashx?no=1182B9B,免費,陳先生,24225800;0224289225,"2017/08/28 00:00","2017/08/28 00:00","授權說明網址: http://data.gov.tw/license"
49565,基隆市106年土石流警戒值,公共資訊,CSV,http://economy.klcg.gov.tw/DlFile.ashx?no=1182BAB,UTF-8,a01,,基隆市政府產業發展處,每季,政府資料開放授權條款-第1版,http://economy.klcg.gov.tw/DlFile.ashx?no=1182BAB,免費,陳先生,24225800;0224289225,"2017/08/28 00:00","2017/08/28 00:00","授權說明網址: http://data.gov.tw/license"
49567,市場通訊錄,公共資訊,CSV,http://economy.klcg.gov.tw/DlFile.ashx?no=1182BAD,UTF-8,a01,,基隆市政府產業發展處,每季,政府資料開放授權條款-第1版,http://economy.klcg.gov.tw/DlFile.ashx?no=1182BAD,免費,陳先生,24225800;0224289225,"2017/08/28 00:00","2017/08/28 00:00","授權說明網址: http://data.gov.tw/license"
49569,基隆市各公有市場、集中場聯絡電話,公共資訊,CSV,http://economy.klcg.gov.tw/DlFile.ashx?no=1182BAE,UTF-8,a01,,基隆市政府產業發展處,每季,政府資料開放授權條款-第1版,http://economy.klcg.gov.tw/DlFile.ashx?no=1182BAE,免費,陳先生,24225800;0224289225,"2017/08/28 00:00","2017/08/28 00:00","授權說明網址: http://data.gov.tw/license"
49570,認識禽流感及防治十不五要宣導資料,公共資訊,CSV,http://economy.klcg.gov.tw/DlFile.ashx?no=1182BAF,UTF-8,a01,,基隆市政府產業發展處,每季,政府資料開放授權條款-第1版,http://economy.klcg.gov.tw/DlFile.ashx?no=1182BAF,免費,陳先生,24225800;0224289225,"2017/08/28 00:00","2017/08/28 00:00","授權說明網址: http://data.gov.tw/license"
49803,"基隆市不動產買賣實價登錄Open Data(106年5月買賣登記案件)",購屋及遷徙,CSV;CSV,http://land.klcg.gov.tw/ReadFile?p=Business&id=3495;http://land.klcg.gov.tw/ReadFile?p=Business&id=3496,UTF-8;UTF-8,a01,,基隆市政府地政處,每月,政府資料開放授權條款-第1版,http://plvr.land.moi.gov.tw/DownloadOpenData;http://plvr.land.moi.gov.tw/DownloadOpenData,免費,蔡小姐,0224201122#2406;02242011222406,"2017/08/08 00:00","2017/08/08 15:22","授權說明網址: http://data.gov.tw/license"
49974,"基隆市不動產租賃實價登錄Open Data(106年5月租賃登記案件)",購屋及遷徙,CSV;CSV,http://land.klcg.gov.tw/ReadFile?p=Business&id=3500;http://land.klcg.gov.tw/ReadFile?p=Business&id=3501,UTF-8;UTF-8,a01,,基隆市政府地政處,每月,政府資料開放授權條款-第1版,http://plvr.land.moi.gov.tw/DownloadOpenData;http://plvr.land.moi.gov.tw/DownloadOpenData,免費,陳先生,0224201122#2406,"2017/08/10 00:00","2017/08/10 17:41","授權說明網址: http://data.gov.tw/license"
49979,106年度5月基隆市土地建物登記管理資料,購屋及遷徙,PDF,http://land.klcg.gov.tw/ReadFile?p=Business&id=3502,UTF-8,a01,,基隆市政府地政處,每月,政府資料開放授權條款-第1版,http://land.klcg.gov.tw/business/index?pid=204,免費,陳先生,0224201122#2406,"2017/08/10 00:00","2017/08/10 17:41","授權說明網址: http://data.gov.tw/license"
49980,106年度6月基隆市土地建物登記管理資料,購屋及遷徙,PDF,http://land.klcg.gov.tw/ReadFile?p=Business&id=3503,UTF-8,a01,,基隆市政府地政處,每月,政府資料開放授權條款-第1版,http://land.klcg.gov.tw/business/index?pid=204,免費,陳先生,0224201122#2406,"2017/08/10 00:00","2017/08/10 17:41","授權說明網址: http://data.gov.tw/license"
49981,106年度7月基隆市土地建物登記管理資料,購屋及遷徙,PDF,http://land.klcg.gov.tw/ReadFile?p=Business&id=3504,UTF-8,a01,,基隆市政府地政處,每月,政府資料開放授權條款-第1版,http://land.klcg.gov.tw/business/index?pid=204,免費,陳先生,0224201122#2406,"2017/08/10 00:00","2017/08/10 17:41","授權說明網址: http://data.gov.tw/license"
49983,"基隆市已登記公私有土地登記管理 Open Data(105年案件登記)",購屋及遷徙,PDF,http://land.klcg.gov.tw/ReadFile?p=Business&id=3505,UTF-8,a01,,基隆市政府地政處,每年,政府資料開放授權條款-第1版,http://land.klcg.gov.tw/business/index?pid=204,免費,陳先生,0224201122#2406,"2017/08/10 00:00","2017/08/10 17:39","授權說明網址: http://data.gov.tw/license"
52731,"基隆市不動產買賣實價登錄Open Data(106年6月買賣登記案件)",購屋及遷徙,CSV;CSV,http://land.klcg.gov.tw/ReadFile?p=Business&id=3560;http://land.klcg.gov.tw/ReadFile?p=Business&id=3561,UTF-8;UTF-8,a01,,基隆市政府地政處,每月,政府資料開放授權條款-第1版,http://plvr.land.moi.gov.tw/DownloadOpenData;http://plvr.land.moi.gov.tw/DownloadOpenData,免費,蔡小姐,02-24201122#2406,"2017/08/30 00:00","2017/09/25 08:49",
53055,"基隆市不動產租賃實價登錄Open Data(106年6月租賃登記案件)",購屋及遷徙,CSV;CSV,http://land.klcg.gov.tw/ReadFile?p=Business&id=3575;http://land.klcg.gov.tw/ReadFile?p=Business&id=3576,UTF-8;UTF-8,a01,,基隆市政府地政處,每月,政府資料開放授權條款-第1版,http://land.klcg.gov.tw/business/More?id=595;http://land.klcg.gov.tw/business/More?id=595,免費,陳照哲,02-24201122#2406,"2017/09/18 00:00","2017/09/18 13:50",
53080,106年度8月基隆市土地建物登記管理資料,購屋及遷徙,PDF,http://land.klcg.gov.tw/ReadFile?p=Business&id=3577,NA,a01,,基隆市政府地政處,每月,政府資料開放授權條款-第1版,,免費,陳照哲,02-24201122#2406,"2017/09/18 00:00","2017/09/18 13:50",
54326,106年1月各項稅捐實徵淨額與預算數及上年同期比較－本月數,公共資訊,CSV,https://www.kltb.gov.tw/core/download/getfile.php?itemId=3753&filekey=0,NA,a01,,基隆市稅務局,不定期,政府資料開放授權條款-第1版,,免費,游建章,02-24331888#626,"2017/09/18 00:00","2017/09/18 14:48",
54340,"基隆市不動產租賃實價登錄Open Data(106年7月租賃登記案件)",購屋及遷徙,CSV;CSV,http://land.klcg.gov.tw/ReadFile?p=Business&id=3594;http://land.klcg.gov.tw/ReadFile?p=Business&id=3595,UTF-8;BIG5,a01,,基隆市政府地政處,每月,政府資料開放授權條款-第1版,http://land.klcg.gov.tw/business/More?id=596;http://land.klcg.gov.tw/business/More?id=596,免費,陳照哲,02-24201122#2406,"2017/09/18 00:00","2017/09/18 13:47",
54554,"基隆市不動產買賣實價登錄Open Data(106年7月買賣登記案件)",購屋及遷徙,CSV;CSV,http://land.klcg.gov.tw/ReadFile?p=Business&id=3638;http://land.klcg.gov.tw/ReadFile?p=Business&id=3639,UTF-8;UTF-8,a01,,基隆市政府地政處,每月,政府資料開放授權條款-第1版,http://plvr.land.moi.gov.tw/DownloadOpenData;http://plvr.land.moi.gov.tw/DownloadOpenData,免費,蔡小姐,02-24201122#2406,"2017/09/22 00:00","2017/09/22 11:25",
54969,基隆市總工會名冊,公共資訊,CSV,http://social.klcg.gov.tw/laborer_srv/info_view.php?file=dl&fid=5374&dept_id=4&serno=20170922103228,BIG5,a01,,基隆市政府社會處,不定期,政府資料開放授權條款-第1版,,免費,顏俊賢,02-24201122#2207,"2017/09/28 00:00","2017/09/28 10:48",
54970,基隆市企業工會名冊,公共資訊,CSV,http://social.klcg.gov.tw/laborer_srv/info_view.php?file=dl&fid=5375&dept_id=4&serno=20170922103411,UTF-8,a01,,基隆市政府社會處,不定期,政府資料開放授權條款-第1版,,免費,顏俊賢,02-24201122#2207,"2017/09/28 00:00","2017/09/28 10:48",
54972,基隆市職業工會名冊,公共資訊,CSV,http://social.klcg.gov.tw/laborer_srv/info_view.php?file=dl&fid=5370&dept_id=4&serno=20170922103152,UTF-8,a01,,基隆市政府社會處,不定期,政府資料開放授權條款-第1版,,免費,顏俊賢,02-24201122#2207,"2017/09/28 00:00","2017/09/28 10:48",
55004,105年度基隆市大型機構受衛生福利部老人福利機構評鑑成績,老年安養,CSV,http://social.klcg.gov.tw/fdl/info_view.php?file=dl&fid=5415&dept_id=1&serno=20170214144321,BIG5,a01,,基隆市政府社會處,不更新,政府資料開放授權條款-第1版,,免費,陳先生,02-24201122#2212,"2017/09/29 00:00","2017/09/29 17:46",
55072,基隆市老人福利機構最近二次評鑑成績一覽表,老年安養,CSV,http://social.klcg.gov.tw/fdl/info_view.php?file=dl&fid=5416&dept_id=1&serno=20160128092515,BIG5,a01,,基隆市政府社會處,不更新,政府資料開放授權條款-第1版,,免費,陳先生,02-24201122,"2017/09/29 00:00","2017/09/29 17:53",
55242,基隆市104年度老人福利機構評鑑結果表,老年安養,CSV,http://social.klcg.gov.tw/fdl/info_view.php?file=dl&fid=5422&dept_id=1&serno=20160126150638,BIG5,a01,,基隆市政府社會處,不定期,政府資料開放授權條款-第1版,,免費,陳先生,24201122,"2017/09/30 00:00","2017/09/30 17:28",
55245,基隆市失能老人接受長期照顧服務輔具購買及居家無障礙環環境改善補助項目表,老年安養,CSV,http://social.klcg.gov.tw/fdl/info_view.php?file=dl&fid=5423&dept_id=1&serno=20151127142222,BIG5,a01,,基隆市政府社會處,不定期,政府資料開放授權條款-第1版,,免費,陳先生,24201122,"2017/09/30 00:00","2017/09/30 17:27",
55257,基隆市私立財團法人社會福利慈善基金會名冊,公共資訊,CSV,http://social.klcg.gov.tw/fdl/info_view.php?file=dl&fid=5425&dept_id=1&serno=20151210141812,BIG5,a01,,基隆市政府社會處,不定期,政府資料開放授權條款-第1版,,免費,陳先生,24201122,"2017/09/30 00:00","2017/09/30 17:27",
55258,基隆市106年度合法設立私立就業服務機構,公共資訊,CSV,http://social.klcg.gov.tw/news/info_view.php?file=dl&fid=5426&dept_id=1&serno=20160219095913,BIG5,a01,,基隆市政府社會處,不定期,政府資料開放授權條款-第1版,,免費,陳先生,24201122,"2017/09/30 00:00","2017/09/30 17:27",
55259,基隆市102年度第一次老人保護及獨居老人照顧業務聯繫會報(聯繫窗口),公共資訊,CSV,http://social.klcg.gov.tw/social_srv/info_view.php?file=dl&fid=5427&dept_id=1&serno=20151127163703,BIG5,a01,,基隆市政府社會處,不更新,政府資料開放授權條款-第1版,,免費,陳先生,24201122,"2017/09/30 00:00","2017/09/30 17:27",
55261,經中央許可從事兒童及少年收出養媒合單位一覽表,出生及收養,CSV,http://social.klcg.gov.tw/social_srv/info_view.php?file=dl&fid=5428&dept_id=1&serno=20160105171439,BIG5,a01,,基隆市政府社會處,不定期,政府資料開放授權條款-第1版,,免費,陳先生,24201122,"2017/09/30 00:00","2017/09/30 17:27",
